File name,Coverage percent
Jsoup.java,42.10526315789473
ChangeNotifyingArrayList.java,30.0
Validate.java,46.15384615384615
Normalizer.java,9.090909090909092
StringUtil.java,47.65625
Attributes.java,46.83098591549296
Comment.java,58.536585365853654
Document.java,42.54545454545455
Element.java,45.095168374816986
Entities.java,56.59340659340659
EntitiesData.java,40.0
LeafNode.java,33.80281690140845
Node.java,53.84615384615385
TextNode.java,36.206896551724135
CharacterReader.java,52.17391304347826
HtmlTreeBuilder.java,49.898989898989896
HtmlTreeBuilderState.java,43.07931570762053
ParseErrorList.java,25.0
ParseSettings.java,44.44444444444444
Parser.java,39.53488372093023
Tag.java,41.40127388535032
Token.java,48.375451263537904
TokenQueue.java,41.75257731958763
Tokeniser.java,57.073170731707314
TokeniserState.java,49.129447388342165
TreeBuilder.java,57.377049180327866
Collector.java,46.2962962962963
CombiningEvaluator.java,50.0
Elements.java,46.52014652014652
Evaluator.java,31.096196868008946
NodeTraversor.java,66.66666666666666
QueryParser.java,71.36563876651982
Selector.java,52.83018867924528
StructuralEvaluator.java,41.48936170212766
Attribute.java,38.46153846153847
DataNode.java,28.57142857142857
DocumentType.java,50.943396226415096
NodeUtils.java,20.0
NodeFilter.java,60.0
ParseError.java,52.38095238095239
Connection.java,4.958677685950414
HttpStatusException.java,38.88888888888889
UnsupportedMimeTypeException.java,22.22222222222222
DataUtil.java,54.22535211267606
HttpConnection.java,48.34905660377358
ConstrainableInputStream.java,38.57142857142858
XmlDeclaration.java,54.761904761904766
XmlTreeBuilder.java,61.36363636363637
W3CDom.java,57.14285714285714
FormElement.java,48.148148148148145
CDataNode.java,45.83333333333333
Cleaner.java,66.66666666666666
Whitelist.java,55.51839464882943
PseudoTextElement.java,44.44444444444444
