File name,Coverage percent
Jsoup.java,42.10526315789473
ChangeNotifyingArrayList.java,30.0
StringUtil.java,45.08196721311475
Validate.java,50.0
Normalizer.java,25.0
Attributes.java,48.333333333333336
Comment.java,52.17391304347826
Document.java,41.732283464566926
Element.java,45.76547231270358
Entities.java,55.13513513513514
LeafNode.java,32.25806451612903
Node.java,51.64179104477612
TextNode.java,33.33333333333333
CharacterReader.java,51.298701298701296
HtmlTreeBuilder.java,49.59183673469388
HtmlTreeBuilderState.java,42.22395023328149
ParseErrorList.java,25.0
ParseSettings.java,50.0
Parser.java,36.470588235294116
Tag.java,39.263803680981596
Token.java,48.87218045112782
TokenQueue.java,41.66666666666667
Tokeniser.java,57.77777777777777
TokeniserState.java,42.14939024390244
TreeBuilder.java,57.407407407407405
Collector.java,46.2962962962963
CombiningEvaluator.java,50.0
Elements.java,46.52014652014652
Evaluator.java,30.140186915887853
NodeTraversor.java,59.70149253731343
QueryParser.java,70.98214285714286
Selector.java,52.83018867924528
StructuralEvaluator.java,40.42553191489361
Attribute.java,35.92233009708738
BooleanAttribute.java,25.0
DataNode.java,28.57142857142857
DocumentType.java,36.84210526315789
NodeFilter.java,60.0
Connection.java,4.958677685950414
DataUtil.java,50.72463768115942
HttpConnection.java,43.398392652123995
ConstrainableInputStream.java,38.57142857142858
W3CDom.java,56.25
FormElement.java,48.93617021276596
ParseError.java,42.857142857142854
Cleaner.java,66.66666666666666
Whitelist.java,55.00000000000001
XmlDeclaration.java,54.761904761904766
XmlTreeBuilder.java,62.92134831460674
