File name,Coverage percent
Jsoup.java,42.10526315789473
ChangeNotifyingArrayList.java,30.0
Validate.java,46.15384615384615
Normalizer.java,9.090909090909092
StringUtil.java,47.65625
Attributes.java,47.87644787644788
Comment.java,52.63157894736842
Document.java,42.16417910447761
Element.java,45.78313253012048
Entities.java,55.67567567567567
EntitiesData.java,40.0
LeafNode.java,34.92063492063492
Node.java,53.31325301204819
TextNode.java,30.158730158730158
CharacterReader.java,52.66106442577031
HtmlTreeBuilder.java,49.898989898989896
HtmlTreeBuilderState.java,42.64591439688716
ParseErrorList.java,25.0
ParseSettings.java,44.44444444444444
Parser.java,38.20224719101123
Tag.java,39.52095808383233
Token.java,48.375451263537904
TokenQueue.java,41.75257731958763
Tokeniser.java,57.073170731707314
TokeniserState.java,47.878787878787875
TreeBuilder.java,57.377049180327866
Collector.java,46.2962962962963
CombiningEvaluator.java,50.0
Elements.java,46.52014652014652
Evaluator.java,31.096196868008946
NodeTraversor.java,59.70149253731343
QueryParser.java,71.11111111111111
Selector.java,52.83018867924528
StructuralEvaluator.java,40.42553191489361
Attribute.java,38.46153846153847
BooleanAttribute.java,25.0
DataNode.java,28.57142857142857
DocumentType.java,36.84210526315789
NodeUtils.java,20.0
NodeFilter.java,60.0
ParseError.java,52.38095238095239
Connection.java,4.958677685950414
HttpStatusException.java,38.88888888888889
UncheckedIOException.java,45.45454545454545
UnsupportedMimeTypeException.java,22.22222222222222
DataUtil.java,57.04225352112676
HttpConnection.java,48.0565371024735
ConstrainableInputStream.java,42.857142857142854
W3CDom.java,59.59595959595959
FormElement.java,50.98039215686274
CDataNode.java,52.38095238095239
Cleaner.java,66.66666666666666
Whitelist.java,55.51839464882943
XmlDeclaration.java,54.761904761904766
XmlTreeBuilder.java,61.36363636363637
PseudoTextElement.java,44.44444444444444
