{
    "Assertions.notNull": 0.1466471150213533,
    "CSVFormat.CSVFormat": 0.1150870675296872,
    "CSVFormat.equals": 0.0,
    "CSVFormat.format": 0.0,
    "CSVFormat.getCommentStart": 0.16012815380508713,
    "CSVFormat.getDelimiter": 0.13671718540493266,
    "CSVFormat.getEscape": 0.15811388300841897,
    "CSVFormat.getHeader": 0.20412414523193154,
    "CSVFormat.getIgnoreEmptyLines": 0.16222142113076254,
    "CSVFormat.getIgnoreSurroundingSpaces": 0.16329931618554522,
    "CSVFormat.getNullString": 0.20628424925175867,
    "CSVFormat.getQuoteChar": 0.1414213562373095,
    "CSVFormat.getQuotePolicy": 0.125,
    "CSVFormat.getRecordSeparator": 0.10540925533894598,
    "CSVFormat.getSkipHeaderRecord": 0.6324555320336759,
    "CSVFormat.hashCode": 0.0,
    "CSVFormat.isCommentingEnabled": 0.2672612419124244,
    "CSVFormat.isEscaping": 0.0,
    "CSVFormat.isLineBreak": 0.1150870675296872,
    "CSVFormat.isNullHandling": 0.0,
    "CSVFormat.isQuoting": 0.11624763874381928,
    "CSVFormat.newFormat": 0.18257418583505536,
    "CSVFormat.parse": 0.19611613513818404,
    "CSVFormat.static": 0.1150870675296872,
    "CSVFormat.toString": 0.0,
    "CSVFormat.validate": 0.15075567228888181,
    "CSVFormat.withCommentStart": 0.1386750490563073,
    "CSVFormat.withDelimiter": 0.1150870675296872,
    "CSVFormat.withEscape": 0.1150870675296872,
    "CSVFormat.withHeader": 0.3333333333333333,
    "CSVFormat.withIgnoreEmptyLines": 0.1150870675296872,
    "CSVFormat.withIgnoreSurroundingSpaces": 0.1150870675296872,
    "CSVFormat.withNullString": 0.0,
    "CSVFormat.withQuoteChar": 0.1150870675296872,
    "CSVFormat.withQuotePolicy": 0.0,
    "CSVFormat.withRecordSeparator": 0.1150870675296872,
    "CSVFormat.withSkipHeaderRecord": 0.4082482904638631,
    "CSVParser.CSVParser": 0.20628424925175867,
    "CSVParser.addRecordValue": 0.21566554640687682,
    "CSVParser.close": 0.31622776601683794,
    "CSVParser.getCurrentLineNumber": 0.31622776601683794,
    "CSVParser.getHeaderMap": 1.0,
    "CSVParser.getRecordNumber": 0.31622776601683794,
    "CSVParser.getRecords": 0.1543033499620919,
    "CSVParser.initializeHeader": 0.21081851067789195,
    "CSVParser.isClosed": 0.34299717028501764,
    "CSVParser.iterator": 0.34299717028501764,
    "CSVParser.nextRecord": 0.21081851067789195,
    "CSVParser.parse": 0.22941573387056174,
    "CSVPrinter.CSVPrinter": 0.11043152607484653,
    "CSVPrinter.close": 0.11624763874381928,
    "CSVPrinter.flush": 0.0,
    "CSVPrinter.print": 0.11785113019775793,
    "CSVPrinter.printAndEscape": 0.0,
    "CSVPrinter.printAndQuote": 0.12909944487358055,
    "CSVPrinter.printComment": 0.0,
    "CSVPrinter.printRecord": 0.14433756729740646,
    "CSVPrinter.printRecords": 0.0,
    "CSVPrinter.println": 0.13608276348795434,
    "CSVRecord.CSVRecord": 0.1889822365046136,
    "CSVRecord.get": 0.30151134457776363,
    "CSVRecord.getComment": 0.0,
    "CSVRecord.getRecordNumber": 0.31622776601683794,
    "CSVRecord.isConsistent": 0.35355339059327373,
    "CSVRecord.isMapped": 0.2672612419124244,
    "CSVRecord.isSet": 0.35355339059327373,
    "CSVRecord.iterator": 0.35355339059327373,
    "CSVRecord.size": 0.0,
    "CSVRecord.static": 0.1889822365046136,
    "CSVRecord.toString": 0.0,
    "CSVRecord.values": 0.14433756729740646,
    "Constants.static": 0.1150870675296872,
    "ExtendedBufferedReader.ExtendedBufferedReader": 0.16012815380508713,
    "ExtendedBufferedReader.close": 0.31622776601683794,
    "ExtendedBufferedReader.getCurrentLineNumber": 0.1336306209562122,
    "ExtendedBufferedReader.getLastChar": 0.16222142113076254,
    "ExtendedBufferedReader.isClosed": 0.34299717028501764,
    "ExtendedBufferedReader.lookAhead": 0.11470786693528087,
    "ExtendedBufferedReader.read": 0.16012815380508713,
    "ExtendedBufferedReader.readLine": 0.20412414523193154,
    "Lexer.Lexer": 0.16666666666666666,
    "Lexer.close": 0.31622776601683794,
    "Lexer.getCurrentLineNumber": 0.14433756729740646,
    "Lexer.isClosed": 0.34299717028501764,
    "Lexer.isCommentStart": 0.1690308509457033,
    "Lexer.isDelimiter": 0.16666666666666666,
    "Lexer.isEndOfFile": 0.16666666666666666,
    "Lexer.isEscape": 0.1690308509457033,
    "Lexer.isMetaChar": 0.23570226039551587,
    "Lexer.isQuoteChar": 0.1690308509457033,
    "Lexer.isStartOfLine": 0.1690308509457033,
    "Lexer.isWhitespace": 0.23570226039551587,
    "Lexer.mapNullToDisabled": 0.16666666666666666,
    "Lexer.nextToken": 0.16666666666666666,
    "Lexer.parseEncapsulatedToken": 0.1543033499620919,
    "Lexer.parseSimpleToken": 0.17025130615174972,
    "Lexer.readEndOfLine": 0.16666666666666666,
    "Lexer.readEscape": 0.17149858514250882,
    "Lexer.trimTrailingSpaces": 0.23570226039551587,
    "Quote.static": 0.1543033499620919,
    "Token.Token": 0.159111456835146,
    "Token.reset": 0.21081851067789195
}