{
    "org.jsoup$Connection$Method": 0,
    "org.jsoup$Jsoup": 0.07207499701564471,
    "org.jsoup.helper$DataUtil": 0.23904572186687872,
    "org.jsoup.helper$HttpConnection": 0,
    "org.jsoup.helper$HttpConnection$Base": 0.0,
    "org.jsoup.helper$HttpConnection$KeyVal": 0.08827348295047495,
    "org.jsoup.helper$HttpConnection$Request": 0,
    "org.jsoup.helper$HttpConnection$Response": 0,
    "org.jsoup.helper$StringUtil": 0.1554857684028483,
    "org.jsoup.helper$Validate": 0,
    "org.jsoup.helper$W3CDom": 0,
    "org.jsoup.helper$W3CDom$W3CBuilder": 0.08827348295047495,
    "org.jsoup.nodes$Attribute": 0,
    "org.jsoup.nodes$Attributes": 0.050964719143762556,
    "org.jsoup.nodes$Attributes$Dataset": 0.050964719143762556,
    "org.jsoup.nodes$Attributes$Dataset$DatasetIterator": 0.050964719143762556,
    "org.jsoup.nodes$Attributes$Dataset$EntrySet": 0.036037498507822355,
    "org.jsoup.nodes$BooleanAttribute": 0.10192943828752511,
    "org.jsoup.nodes$Comment": 0,
    "org.jsoup.nodes$DataNode": 0,
    "org.jsoup.nodes$Document": 0.3675772505379449,
    "org.jsoup.nodes$Document$OutputSettings": 0.08827348295047495,
    "org.jsoup.nodes$Document$OutputSettings$Syntax": 0.9749960430435691,
    "org.jsoup.nodes$Document$QuirksMode": 0.9786273257916261,
    "org.jsoup.nodes$DocumentType": 0.14414999403128942,
    "org.jsoup.nodes$Element": 0.13483997249264842,
    "org.jsoup.nodes$Element$1": 0.4861724348043977,
    "org.jsoup.nodes$Entities": 0.9702166218935506,
    "org.jsoup.nodes$Entities$1": 0.6469633338943256,
    "org.jsoup.nodes$Entities$CoreCharset": 0.12483755678647185,
    "org.jsoup.nodes$Entities$EscapeMode": 0.6510844386073595,
    "org.jsoup.nodes$FormElement": 0.12483755678647185,
    "org.jsoup.nodes$Node": 0.13483997249264842,
    "org.jsoup.nodes$Node$1": 0.10192943828752511,
    "org.jsoup.nodes$Node$OuterHtmlVisitor": 0.6837634587578276,
    "org.jsoup.nodes$TextNode": 0,
    "org.jsoup.nodes$XmlDeclaration": 0,
    "org.jsoup.parser$CharacterReader": 0.18906402929636987,
    "org.jsoup.parser$HtmlTreeBuilder": 0,
    "org.jsoup.parser$HtmlTreeBuilderState": 0.19069251784911845,
    "org.jsoup.parser$HtmlTreeBuilderState$1": 0.22792115291927592,
    "org.jsoup.parser$HtmlTreeBuilderState$10": 0.1696208382576527,
    "org.jsoup.parser$HtmlTreeBuilderState$11": 0.10192943828752511,
    "org.jsoup.parser$HtmlTreeBuilderState$12": 0,
    "org.jsoup.parser$HtmlTreeBuilderState$13": 0.17707162371703855,
    "org.jsoup.parser$HtmlTreeBuilderState$14": 0,
    "org.jsoup.parser$HtmlTreeBuilderState$15": 0.13483997249264842,
    "org.jsoup.parser$HtmlTreeBuilderState$16": 0.050964719143762556,
    "org.jsoup.parser$HtmlTreeBuilderState$17": 0,
    "org.jsoup.parser$HtmlTreeBuilderState$18": 0.3577734237456226,
    "org.jsoup.parser$HtmlTreeBuilderState$19": 0.08827348295047495,
    "org.jsoup.parser$HtmlTreeBuilderState$2": 0.8438780900581736,
    "org.jsoup.parser$HtmlTreeBuilderState$20": 0.08827348295047495,
    "org.jsoup.parser$HtmlTreeBuilderState$21": 0.3150120403988107,
    "org.jsoup.parser$HtmlTreeBuilderState$22": 0.08827348295047495,
    "org.jsoup.parser$HtmlTreeBuilderState$23": 0,
    "org.jsoup.parser$HtmlTreeBuilderState$24": 0.9525442970271035,
    "org.jsoup.parser$HtmlTreeBuilderState$3": 0.910679759316023,
    "org.jsoup.parser$HtmlTreeBuilderState$4": 0.8500081103038257,
    "org.jsoup.parser$HtmlTreeBuilderState$5": 0.07207499701564471,
    "org.jsoup.parser$HtmlTreeBuilderState$6": 0.8235682075883617,
    "org.jsoup.parser$HtmlTreeBuilderState$7": 0.43841509121811967,
    "org.jsoup.parser$HtmlTreeBuilderState$8": 0.3606418307164742,
    "org.jsoup.parser$HtmlTreeBuilderState$9": 0.10192943828752511,
    "org.jsoup.parser$HtmlTreeBuilderState$Constants": 0.9219330096640973,
    "org.jsoup.parser$ParseError": 0.0,
    "org.jsoup.parser$ParseErrorList": 0.0,
    "org.jsoup.parser$Parser": 0.12613124477737825,
    "org.jsoup.parser$Tag": 0.9643400286316316,
    "org.jsoup.parser$Token": 0.4812455388995006,
    "org.jsoup.parser$Token$Character": 0.050964719143762556,
    "org.jsoup.parser$Token$Comment": 0,
    "org.jsoup.parser$Token$Doctype": 0.21013292020967148,
    "org.jsoup.parser$Token$EOF": 0.9621977121895281,
    "org.jsoup.parser$Token$EndTag": 0,
    "org.jsoup.parser$Token$StartTag": 0.050964719143762556,
    "org.jsoup.parser$Token$Tag": 0.7406872515560158,
    "org.jsoup.parser$Token$TokenType": 0.9379570992652209,
    "org.jsoup.parser$TokenQueue": 0,
    "org.jsoup.parser$Tokeniser": 0.0,
    "org.jsoup.parser$TokeniserState": 0.08827348295047495,
    "org.jsoup.parser$TokeniserState$1": 0.9621977121895281,
    "org.jsoup.parser$TokeniserState$10": 0.953830650478852,
    "org.jsoup.parser$TokeniserState$11": 0.29324918754377816,
    "org.jsoup.parser$TokeniserState$12": 0.2842821248876057,
    "org.jsoup.parser$TokeniserState$13": 0.08827348295047495,
    "org.jsoup.parser$TokeniserState$14": 0.19069251784911845,
    "org.jsoup.parser$TokeniserState$15": 0.19069251784911845,
    "org.jsoup.parser$TokeniserState$16": 0.19069251784911845,
    "org.jsoup.parser$TokeniserState$17": 0.2444182066464357,
    "org.jsoup.parser$TokeniserState$18": 0.2444182066464357,
    "org.jsoup.parser$TokeniserState$19": 0.2444182066464357,
    "org.jsoup.parser$TokeniserState$2": 0.22424476423255524,
    "org.jsoup.parser$TokeniserState$20": 0.14414999403128942,
    "org.jsoup.parser$TokeniserState$21": 0.13483997249264842,
    "org.jsoup.parser$TokeniserState$22": 0.13483997249264842,
    "org.jsoup.parser$TokeniserState$23": 0.13483997249264842,
    "org.jsoup.parser$TokeniserState$24": 0.13483997249264842,
    "org.jsoup.parser$TokeniserState$25": 0.10192943828752511,
    "org.jsoup.parser$TokeniserState$26": 0.08827348295047495,
    "org.jsoup.parser$TokeniserState$27": 0.08827348295047495,
    "org.jsoup.parser$TokeniserState$28": 0.08827348295047495,
    "org.jsoup.parser$TokeniserState$29": 0.050964719143762556,
    "org.jsoup.parser$TokeniserState$3": 0.29763249001312825,
    "org.jsoup.parser$TokeniserState$30": 0,
    "org.jsoup.parser$TokeniserState$31": 0,
    "org.jsoup.parser$TokeniserState$32": 0.050964719143762556,
    "org.jsoup.parser$TokeniserState$33": 0.050964719143762556,
    "org.jsoup.parser$TokeniserState$34": 0.754571006408388,
    "org.jsoup.parser$TokeniserState$35": 0.7441823876269326,
    "org.jsoup.parser$TokeniserState$36": 0.16116459280507606,
    "org.jsoup.parser$TokeniserState$37": 0.7406872515560158,
    "org.jsoup.parser$TokeniserState$38": 0.29763249001312825,
    "org.jsoup.parser$TokeniserState$39": 0.4812455388995006,
    "org.jsoup.parser$TokeniserState$4": 0,
    "org.jsoup.parser$TokeniserState$40": 0.5698208285630498,
    "org.jsoup.parser$TokeniserState$41": 0.5542677937719159,
    "org.jsoup.parser$TokeniserState$42": 0.3523696357944793,
    "org.jsoup.parser$TokeniserState$43": 0.14414999403128942,
    "org.jsoup.parser$TokeniserState$44": 0.34302658559061483,
    "org.jsoup.parser$TokeniserState$45": 0.3183740764911063,
    "org.jsoup.parser$TokeniserState$46": 0,
    "org.jsoup.parser$TokeniserState$47": 0.3183740764911063,
    "org.jsoup.parser$TokeniserState$48": 0.3142709559698983,
    "org.jsoup.parser$TokeniserState$49": 0.3142709559698983,
    "org.jsoup.parser$TokeniserState$5": 0.19069251784911845,
    "org.jsoup.parser$TokeniserState$50": 0,
    "org.jsoup.parser$TokeniserState$51": 0.20512903762734833,
    "org.jsoup.parser$TokeniserState$52": 0.050964719143762556,
    "org.jsoup.parser$TokeniserState$53": 0.20512903762734833,
    "org.jsoup.parser$TokeniserState$54": 0.14414999403128942,
    "org.jsoup.parser$TokeniserState$55": 0.14414999403128942,
    "org.jsoup.parser$TokeniserState$56": 0.14414999403128942,
    "org.jsoup.parser$TokeniserState$57": 0.14414999403128942,
    "org.jsoup.parser$TokeniserState$58": 0,
    "org.jsoup.parser$TokeniserState$59": 0.14414999403128942,
    "org.jsoup.parser$TokeniserState$6": 0.2496751135729437,