{
    "org.jsoup$Connection$Method": 0.169932040772819,
    "org.jsoup$Jsoup": 0.08481889296799709,
    "org.jsoup$UncheckedIOException": 0,
    "org.jsoup.helper$ChangeNotifyingArrayList": 0,
    "org.jsoup.helper$DataUtil": 0.2715529546778024,
    "org.jsoup.helper$DataUtil$BomCharset": 0.07345531603115876,
    "org.jsoup.helper$HttpConnection": 0.07345531603115876,
    "org.jsoup.helper$HttpConnection$Base": 0.16121168888481233,
    "org.jsoup.helper$HttpConnection$KeyVal": 0.07345531603115876,
    "org.jsoup.helper$HttpConnection$Request": 0.11220484863656274,
    "org.jsoup.helper$HttpConnection$Response": 0.07345531603115876,
    "org.jsoup.helper$StringUtil": 0.6625055992704878,
    "org.jsoup.helper$StringUtil$1": 0.6625055992704878,
    "org.jsoup.helper$Validate": 0.0,
    "org.jsoup.helper$W3CDom": 0,
    "org.jsoup.helper$W3CDom$W3CBuilder": 0.09483040522636019,
    "org.jsoup.internal$ConstrainableInputStream": 0.169932040772819,
    "org.jsoup.internal$Normalizer": 0.37932162090544075,
    "org.jsoup.nodes$Attribute": 0,
    "org.jsoup.nodes$Attributes": 0.042409446483998546,
    "org.jsoup.nodes$Attributes$1": 0.02998800719520336,
    "org.jsoup.nodes$Attributes$Dataset": 0.042409446483998546,
    "org.jsoup.nodes$Attributes$Dataset$DatasetIterator": 0.042409446483998546,
    "org.jsoup.nodes$Attributes$Dataset$EntrySet": 0.05997601439040672,
    "org.jsoup.nodes$BooleanAttribute": 0,
    "org.jsoup.nodes$CDataNode": 0.08481889296799709,
    "org.jsoup.nodes$Comment": 0,
    "org.jsoup.nodes$DataNode": 0,
    "org.jsoup.nodes$Document": 0.33661454590968826,
    "org.jsoup.nodes$Document$OutputSettings": 0.08481889296799709,
    "org.jsoup.nodes$Document$OutputSettings$Syntax": 0.980016150211954,
    "org.jsoup.nodes$Document$QuirksMode": 0.9680136154580835,
    "org.jsoup.nodes$DocumentType": 0.2126313856821877,
    "org.jsoup.nodes$Element": 0.11995202878081344,
    "org.jsoup.nodes$Element$1": 0.5089133578079826,
    "org.jsoup.nodes$Element$2": 0.05997601439040672,
    "org.jsoup.nodes$Element$NodeList": 0.9624253070485211,
    "org.jsoup.nodes$Entities": 0.980016150211954,
    "org.jsoup.nodes$Entities$1": 0.6431711006786619,
    "org.jsoup.nodes$Entities$CoreCharset": 0.10388150415966656,
    "org.jsoup.nodes$Entities$EscapeMode": 0,
    "org.jsoup.nodes$FormElement": 0.11220484863656274,
    "org.jsoup.nodes$LeafNode": 0,
    "org.jsoup.nodes$Node": 0.12722833945199566,
    "org.jsoup.nodes$Node$1": 0.08481889296799709,
    "org.jsoup.nodes$Node$OuterHtmlVisitor": 0.6417713795403488,
    "org.jsoup.nodes$PseudoTextElement": 0.05997601439040672,
    "org.jsoup.nodes$TextNode": 0.5017953379128578,
    "org.jsoup.nodes$XmlDeclaration": 0,
    "org.jsoup.parser$CharacterReader": 0.042409446483998546,
    "org.jsoup.parser$HtmlTreeBuilder": 0,
    "org.jsoup.parser$HtmlTreeBuilderState": 0.24728744233521172,
    "org.jsoup.parser$HtmlTreeBuilderState$1": 0.2283818586956831,
    "org.jsoup.parser$HtmlTreeBuilderState$10": 0.2283818586956831,
    "org.jsoup.parser$HtmlTreeBuilderState$11": 0.09483040522636019,
    "org.jsoup.parser$HtmlTreeBuilderState$12": 0,
    "org.jsoup.parser$HtmlTreeBuilderState$13": 0.2322861049059416,
    "org.jsoup.parser$HtmlTreeBuilderState$14": 0,
    "org.jsoup.parser$HtmlTreeBuilderState$15": 0.11995202878081344,
    "org.jsoup.parser$HtmlTreeBuilderState$16": 0.042409446483998546,
    "org.jsoup.parser$HtmlTreeBuilderState$17": 0,
    "org.jsoup.parser$HtmlTreeBuilderState$18": 0.3573483478716793,
    "org.jsoup.parser$HtmlTreeBuilderState$19": 0.07345531603115876,
    "org.jsoup.parser$HtmlTreeBuilderState$2": 0.8277993709596252,
    "org.jsoup.parser$HtmlTreeBuilderState$20": 0.07345531603115876,
    "org.jsoup.parser$HtmlTreeBuilderState$21": 0.32018429944566423,
    "org.jsoup.parser$HtmlTreeBuilderState$22": 0.07345531603115876,
    "org.jsoup.parser$HtmlTreeBuilderState$23": 0,
    "org.jsoup.parser$HtmlTreeBuilderState$24": 0.9330078226479679,
    "org.jsoup.parser$HtmlTreeBuilderState$3": 0.8966364004056349,
    "org.jsoup.parser$HtmlTreeBuilderState$4": 0.8364450297358363,
    "org.jsoup.parser$HtmlTreeBuilderState$5": 0.05997601439040672,
    "org.jsoup.parser$HtmlTreeBuilderState$6": 0.7945407252172647,
    "org.jsoup.parser$HtmlTreeBuilderState$7": 0.3909957772684081,
    "org.jsoup.parser$HtmlTreeBuilderState$8": 0.3863684453207435,
    "org.jsoup.parser$HtmlTreeBuilderState$9": 0.09483040522636019,
    "org.jsoup.parser$HtmlTreeBuilderState$Constants": 0.8986422785374614,
    "org.jsoup.parser$ParseError": 0.07345531603115876,
    "org.jsoup.parser$ParseErrorList": 0.11220484863656274,
    "org.jsoup.parser$ParseSettings": 0.9425989787626796,
    "org.jsoup.parser$Parser": 0.16963778593599418,
    "org.jsoup.parser$Tag": 0.953483505846809,
    "org.jsoup.parser$Token": 0.49457488467042343,
    "org.jsoup.parser$Token$CData": 0,
    "org.jsoup.parser$Token$Character": 0.042409446483998546,
    "org.jsoup.parser$Token$Comment": 0,
    "org.jsoup.parser$Token$Doctype": 0.2120472324199927,
    "org.jsoup.parser$Token$EOF": 0.9492518826373996,
    "org.jsoup.parser$Token$EndTag": 0,
    "org.jsoup.parser$Token$StartTag": 0.042409446483998546,
    "org.jsoup.parser$Token$Tag": 0.7146966957433586,
    "org.jsoup.parser$Token$TokenType": 0.944013481968556,
    "org.jsoup.parser$TokenQueue": 0,
    "org.jsoup.parser$Tokeniser": 0.12722833945199566,
    "org.jsoup.parser$TokeniserState": 0.07345531603115876,
    "org.jsoup.parser$TokeniserState$1": 0.9492518826373996,
    "org.jsoup.parser$TokeniserState$10": 0.9330078226479679,
    "org.jsoup.parser$TokeniserState$11": 0.3257531395300267,
    "org.jsoup.parser$TokeniserState$12": 0.32018429944566423,
    "org.jsoup.parser$TokeniserState$13": 0.07345531603115876,
    "org.jsoup.parser$TokeniserState$14": 0.23612580478095407,
    "org.jsoup.parser$TokeniserState$15": 0.23612580478095407,
    "org.jsoup.parser$TokeniserState$16": 0.23612580478095407,
    "org.jsoup.parser$TokeniserState$17": 0.2283818586956831,
    "org.jsoup.parser$TokeniserState$18": 0.2283818586956831,
    "org.jsoup.parser$TokeniserState$19": 0.2283818586956831,
    "org.jsoup.parser$TokeniserState$2": 0.23612580478095407,
    "org.jsoup.parser$TokeniserState$20": 0.12722833945199566,
    "org.jsoup.parser$TokeniserState$21": 0.11220484863656274,
    "org.jsoup.parser$TokeniserState$22": 0.11220484863656274,
    "org.jsoup.parser$TokeniserState$23": 0.11220484863656274,
    "org.jsoup.parser$TokeniserState$24": 0.11220484863656274,
    "org.jsoup.parser$TokeniserState$25": 0.08481889296799709,
    "org.jsoup.parser$TokeniserState$26": 0.07345531603115876,
    "org.jsoup.parser$TokeniserState$27": 0.07345531603115876,
    "org.jsoup.parser$TokeniserState$28": 0.07345531603115876,
    "org.jsoup.parser$TokeniserState$29": 0.042409446483998546,
    "org.jsoup.parser$TokeniserState$3": 0.3285021599088021,
    "org.jsoup.parser$TokeniserState$30": 0,
    "org.jsoup.parser$TokeniserState$31": 0,
    "org.jsoup.parser$TokeniserState$32": 0.042409446483998546,
    "org.jsoup.parser$TokeniserState$33": 0.042409446483998546,
    "org.jsoup.parser$TokeniserState$34": 0.7333278831277737,
    "org.jsoup.parser$TokeniserState$35": 0.7222068497410902,
    "org.jsoup.parser$TokeniserState$36": 0.16963778593599418,
    "org.jsoup.parser$TokeniserState$37": 0.7146966957433586,
    "org.jsoup.parser$TokeniserState$38": 0.3522793201771294,
    "org.jsoup.parser$TokeniserState$39": 0.43456751013313155,
    "org.jsoup.parser$TokeniserState$4": 0.042409446483998546,
    "org.jsoup.parser$TokeniserState$40": 0.5262873903735363,
    "org.jsoup.parser$TokeniserState$41": 0.5480508299694618,
    "org.jsoup.parser$TokeniserState$42": 0.36727658015579384,
    "org.jsoup.parser$TokeniserState$43": 0.14065622155408022,
    "org.jsoup.parser$TokeniserState$44": 0.362346469596127,
    "org.jsoup.parser$TokeniserState$45": 0.2876348604561698,
    "org.jsoup.parser$TokeniserState$46": 0,