{
    "org.jsoup$Connection$Method": 0.18467610337532772,
    "org.jsoup$Jsoup": 0.08944271909999159,
    "org.jsoup$UncheckedIOException": 0.044721359549995794,
    "org.jsoup.helper$ChangeNotifyingArrayList": 0,
    "org.jsoup.helper$DataUtil": 0.2829268793303652,
    "org.jsoup.helper$DataUtil$BomCharset": 0.1,
    "org.jsoup.helper$HttpConnection": 0.07745966692414834,
    "org.jsoup.helper$HttpConnection$Base": 0.17566201313073596,
    "org.jsoup.helper$HttpConnection$KeyVal": 0.07745966692414834,
    "org.jsoup.helper$HttpConnection$Request": 0.11832159566199232,
    "org.jsoup.helper$HttpConnection$Response": 0.07745966692414834,
    "org.jsoup.helper$StringUtil": 0.6294815421854649,
    "org.jsoup.helper$StringUtil$1": 0.6294815421854649,
    "org.jsoup.helper$Validate": 0.0,
    "org.jsoup.helper$W3CDom": 0,
    "org.jsoup.helper$W3CDom$W3CBuilder": 0.1,
    "org.jsoup.internal$ConstrainableInputStream": 0.18467610337532772,
    "org.jsoup.internal$Normalizer": 0.365,
    "org.jsoup.nodes$Attribute": 0,
    "org.jsoup.nodes$Attributes": 0.044721359549995794,
    "org.jsoup.nodes$Attributes$1": 0.03162277660168379,
    "org.jsoup.nodes$Attributes$Dataset": 0.044721359549995794,
    "org.jsoup.nodes$Attributes$Dataset$DatasetIterator": 0.044721359549995794,
    "org.jsoup.nodes$Attributes$Dataset$EntrySet": 0.03162277660168379,
    "org.jsoup.nodes$BooleanAttribute": 0,
    "org.jsoup.nodes$CDataNode": 0.08944271909999159,
    "org.jsoup.nodes$Comment": 0,
    "org.jsoup.nodes$DataNode": 0,
    "org.jsoup.nodes$Document": 0.35213633723318016,
    "org.jsoup.nodes$Document$OutputSettings": 0.08944271909999159,
    "org.jsoup.nodes$Document$OutputSettings$Syntax": 0.9649345555330813,
    "org.jsoup.nodes$Document$QuirksMode": 0.9768308314557044,
    "org.jsoup.nodes$DocumentType": 0.22490141209269968,
    "org.jsoup.nodes$Element": 0.12649110640673517,
    "org.jsoup.nodes$Element$1": 0.5403702434442518,
    "org.jsoup.nodes$Element$2": 0.06324555320336758,
    "org.jsoup.nodes$Element$NodeList": 0.9795618540035552,
    "org.jsoup.nodes$Entities": 0.9649345555330813,
    "org.jsoup.nodes$Entities$1": 0.6149719312216422,
    "org.jsoup.nodes$Entities$CoreCharset": 0.054772255750516606,
    "org.jsoup.nodes$Entities$EscapeMode": 0,
    "org.jsoup.nodes$FormElement": 0.11832159566199232,
    "org.jsoup.nodes$LeafNode": 0.044721359549995794,
    "org.jsoup.nodes$Node": 0.1341640786499874,
    "org.jsoup.nodes$Node$1": 0.08944271909999159,
    "org.jsoup.nodes$Node$OuterHtmlVisitor": 0.622205054973666,
    "org.jsoup.nodes$PseudoTextElement": 0.06324555320336758,
    "org.jsoup.nodes$TextNode": 0.5329165037789692,
    "org.jsoup.nodes$XmlDeclaration": 0,
    "org.jsoup.parser$CharacterReader": 0.0,
    "org.jsoup.parser$HtmlTreeBuilder": 0,
    "org.jsoup.parser$HtmlTreeBuilderState": 0.260768096208106,
    "org.jsoup.parser$HtmlTreeBuilderState$1": 0.24899799195977465,
    "org.jsoup.parser$HtmlTreeBuilderState$10": 0.24083189157584592,
    "org.jsoup.parser$HtmlTreeBuilderState$11": 0.1,
    "org.jsoup.parser$HtmlTreeBuilderState$12": 0,
    "org.jsoup.parser$HtmlTreeBuilderState$13": 0.2449489742783178,
    "org.jsoup.parser$HtmlTreeBuilderState$14": 0,
    "org.jsoup.parser$HtmlTreeBuilderState$15": 0.12649110640673517,
    "org.jsoup.parser$HtmlTreeBuilderState$16": 0.044721359549995794,
    "org.jsoup.parser$HtmlTreeBuilderState$17": 0,
    "org.jsoup.parser$HtmlTreeBuilderState$18": 0.382099463490856,
    "org.jsoup.parser$HtmlTreeBuilderState$19": 0.07745966692414834,
    "org.jsoup.parser$HtmlTreeBuilderState$2": 0.8740709353364863,
    "org.jsoup.parser$HtmlTreeBuilderState$20": 0.07745966692414834,
    "org.jsoup.parser$HtmlTreeBuilderState$21": 0.3435112807463534,
    "org.jsoup.parser$HtmlTreeBuilderState$22": 0.07745966692414834,
    "org.jsoup.parser$HtmlTreeBuilderState$23": 0,
    "org.jsoup.parser$HtmlTreeBuilderState$24": 0.985900603509299,
    "org.jsoup.parser$HtmlTreeBuilderState$3": 0.9486832980505138,
    "org.jsoup.parser$HtmlTreeBuilderState$4": 0.8831760866327847,
    "org.jsoup.parser$HtmlTreeBuilderState$5": 0.06324555320336758,
    "org.jsoup.parser$HtmlTreeBuilderState$6": 0.8390470785361213,
    "org.jsoup.parser$HtmlTreeBuilderState$7": 0.41231056256176607,
    "org.jsoup.parser$HtmlTreeBuilderState$8": 0.41231056256176607,
    "org.jsoup.parser$HtmlTreeBuilderState$9": 0.1,
    "org.jsoup.parser$HtmlTreeBuilderState$Constants": 0.9497391299778258,
    "org.jsoup.parser$ParseError": 0.07745966692414834,
    "org.jsoup.parser$ParseErrorList": 0.11832159566199232,
    "org.jsoup.parser$ParseSettings": 0.9879779357892693,
    "org.jsoup.parser$Parser": 0.13416407864998736,
    "org.jsoup.parser$Tag": 0.9622504486493763,
    "org.jsoup.parser$Token": 0.5253570214625479,
    "org.jsoup.parser$Token$CData": 0,
    "org.jsoup.parser$Token$Character": 0.044721359549995794,
    "org.jsoup.parser$Token$Comment": 0,
    "org.jsoup.parser$Token$Doctype": 0.23237900077244503,
    "org.jsoup.parser$Token$EOF": 0.9950194059867669,
    "org.jsoup.parser$Token$EndTag": 0,
    "org.jsoup.parser$Token$StartTag": 0.044721359549995794,
    "org.jsoup.parser$Token$Tag": 0.7443871846705546,
    "org.jsoup.parser$Token$TokenType": 0.9712858623572642,
    "org.jsoup.parser$TokenQueue": 0,
    "org.jsoup.parser$Tokeniser": 0.0,
    "org.jsoup.parser$TokeniserState": 0.07745966692414834,
    "org.jsoup.parser$TokeniserState$1": 0.9950194059867669,
    "org.jsoup.parser$TokeniserState$10": 0.9777861952499632,
    "org.jsoup.parser$TokeniserState$11": 0.34928498393145957,
    "org.jsoup.parser$TokeniserState$12": 0.3435112807463534,
    "org.jsoup.parser$TokeniserState$13": 0.07745966692414834,
    "org.jsoup.parser$TokeniserState$14": 0.24899799195977465,
    "org.jsoup.parser$TokeniserState$15": 0.24899799195977465,
    "org.jsoup.parser$TokeniserState$16": 0.24899799195977465,
    "org.jsoup.parser$TokeniserState$17": 0.24083189157584592,
    "org.jsoup.parser$TokeniserState$18": 0.24083189157584592,
    "org.jsoup.parser$TokeniserState$19": 0.24083189157584592,
    "org.jsoup.parser$TokeniserState$2": 0.24899799195977465,
    "org.jsoup.parser$TokeniserState$20": 0.1341640786499874,
    "org.jsoup.parser$TokeniserState$21": 0.11832159566199232,
    "org.jsoup.parser$TokeniserState$22": 0.11832159566199232,
    "org.jsoup.parser$TokeniserState$23": 0.11832159566199232,
    "org.jsoup.parser$TokeniserState$24": 0.11832159566199232,
    "org.jsoup.parser$TokeniserState$25": 0.08944271909999159,
    "org.jsoup.parser$TokeniserState$26": 0.07745966692414834,
    "org.jsoup.parser$TokeniserState$27": 0.07745966692414834,
    "org.jsoup.parser$TokeniserState$28": 0.07745966692414834,
    "org.jsoup.parser$TokeniserState$29": 0.044721359549995794,
    "org.jsoup.parser$TokeniserState$3": 0.35213633723318016,
    "org.jsoup.parser$TokeniserState$30": 0,
    "org.jsoup.parser$TokeniserState$31": 0,
    "org.jsoup.parser$TokeniserState$32": 0.044721359549995794,
    "org.jsoup.parser$TokeniserState$33": 0.044721359549995794,
    "org.jsoup.parser$TokeniserState$34": 0.764268713651597,
    "org.jsoup.parser$TokeniserState$35": 0.7524027948085645,
    "org.jsoup.parser$TokeniserState$36": 0.17888543819998318,
    "org.jsoup.parser$TokeniserState$37": 0.7443871846705546,
    "org.jsoup.parser$TokeniserState$38": 0.36882051383914566,
    "org.jsoup.parser$TokeniserState$39": 0.44516449608142444,
    "org.jsoup.parser$TokeniserState$4": 0.044721359549995794,
    "org.jsoup.parser$TokeniserState$40": 0.5549774770204643,
    "org.jsoup.parser$TokeniserState$41": 0.5658537586607304,
    "org.jsoup.parser$TokeniserState$42": 0.38987177379235854,
    "org.jsoup.parser$TokeniserState$43": 0.11163126113028762,
    "org.jsoup.parser$TokeniserState$44": 0.3821343568257985,
    "org.jsoup.parser$TokeniserState$45": 0.30007091360458343,
    "org.jsoup.parser$TokeniserState$46": 0,
    "org.jsoup.parser$TokeniserState$47": 0.30007091360458343,