{
    "org.jsoup$Connection$Method": 0.1880856808144912,
    "org.jsoup$Jsoup": 0.08590735591751154,
    "org.jsoup$UncheckedIOException": 0.04295367795875577,
    "org.jsoup.helper$ChangeNotifyingArrayList": 0,
    "org.jsoup.helper$DataUtil": 0.29132601790517626,
    "org.jsoup.helper$DataUtil$BomCharset": 0.09604734379941232,
    "org.jsoup.helper$HttpConnection": 0.09604734379941232,
    "org.jsoup.helper$HttpConnection$Base": 0.18040544742677425,
    "org.jsoup.helper$HttpConnection$KeyVal": 0.07439795259651642,
    "org.jsoup.helper$HttpConnection$Request": 0.12886103387626732,
    "org.jsoup.helper$HttpConnection$Response": 0.08590735591751154,
    "org.jsoup.helper$StringUtil": 0.6972557464384741,
    "org.jsoup.helper$StringUtil$1": 0.6972557464384741,
    "org.jsoup.helper$Validate": 0.0,
    "org.jsoup.helper$W3CDom": 0,
    "org.jsoup.helper$W3CDom$W3CBuilder": 0.09604734379941232,
    "org.jsoup.internal$ConstrainableInputStream": 0.19231285312921345,
    "org.jsoup.internal$Normalizer": 0.386583101628802,
    "org.jsoup.nodes$Attribute": 0,
    "org.jsoup.nodes$Attributes": 0.04295367795875577,
    "org.jsoup.nodes$Attributes$1": 0.03037283696153935,
    "org.jsoup.nodes$Attributes$Dataset": 0.04295367795875577,
    "org.jsoup.nodes$Attributes$Dataset$DatasetIterator": 0.04295367795875577,
    "org.jsoup.nodes$Attributes$Dataset$EntrySet": 0.0607456739230787,
    "org.jsoup.nodes$BooleanAttribute": 0,
    "org.jsoup.nodes$CDataNode": 0.08590735591751154,
    "org.jsoup.nodes$Comment": 0.10521459357478416,
    "org.jsoup.nodes$DataNode": 0,
    "org.jsoup.nodes$Document": 0.9719307827692591,
    "org.jsoup.nodes$Document$OutputSettings": 0.08590735591751154,
    "org.jsoup.nodes$Document$OutputSettings$Syntax": 0.9788445742982189,
    "org.jsoup.nodes$Document$QuirksMode": 0.9907319594613646,
    "org.jsoup.nodes$DocumentType": 0.2429826956923148,
    "org.jsoup.nodes$Element": 0.1214913478461574,
    "org.jsoup.nodes$Element$1": 0.5313076536981458,
    "org.jsoup.nodes$Element$2": 0.0607456739230787,
    "org.jsoup.nodes$Element$NodeList": 0.9860652733197902,
    "org.jsoup.nodes$Entities": 0.9788445742982189,
    "org.jsoup.nodes$Entities$1": 0.6486410169655866,
    "org.jsoup.nodes$Entities$CoreCharset": 0.10521459357478416,
    "org.jsoup.nodes$Entities$EscapeMode": 0,
    "org.jsoup.nodes$FormElement": 0.1136447497744243,
    "org.jsoup.nodes$LeafNode": 0.04295367795875577,
    "org.jsoup.nodes$Node": 0.12886103387626732,
    "org.jsoup.nodes$Node$1": 0.08590735591751154,
    "org.jsoup.nodes$Node$OuterHtmlVisitor": 0.6528393845293189,
    "org.jsoup.nodes$NodeUtils": 0.4897472802619584,
    "org.jsoup.nodes$PseudoTextElement": 0.0607456739230787,
    "org.jsoup.nodes$TextNode": 0.5243164589038674,
    "org.jsoup.nodes$XmlDeclaration": 0,
    "org.jsoup.parser$CharacterReader": 0.0,
    "org.jsoup.parser$HtmlTreeBuilder": 0,
    "org.jsoup.parser$HtmlTreeBuilderState": 0.25772206775253464,
    "org.jsoup.parser$HtmlTreeBuilderState$1": 0.2429826956923148,
    "org.jsoup.parser$HtmlTreeBuilderState$10": 0.23915595739123782,
    "org.jsoup.parser$HtmlTreeBuilderState$11": 0.09604734379941232,
    "org.jsoup.parser$HtmlTreeBuilderState$12": 0,
    "org.jsoup.parser$HtmlTreeBuilderState$13": 0.2429826956923148,
    "org.jsoup.parser$HtmlTreeBuilderState$14": 0,
    "org.jsoup.parser$HtmlTreeBuilderState$15": 0.1214913478461574,
    "org.jsoup.parser$HtmlTreeBuilderState$16": 0.04295367795875577,
    "org.jsoup.parser$HtmlTreeBuilderState$17": 0,
    "org.jsoup.parser$HtmlTreeBuilderState$18": 0.37198976298258213,
    "org.jsoup.parser$HtmlTreeBuilderState$19": 0.07439795259651642,
    "org.jsoup.parser$HtmlTreeBuilderState$2": 0.8439058725777525,
    "org.jsoup.parser$HtmlTreeBuilderState$20": 0.07439795259651642,
    "org.jsoup.parser$HtmlTreeBuilderState$21": 0.3354789493563711,
    "org.jsoup.parser$HtmlTreeBuilderState$22": 0.07439795259651642,
    "org.jsoup.parser$HtmlTreeBuilderState$23": 0,
    "org.jsoup.parser$HtmlTreeBuilderState$24": 0.952758666972269,
    "org.jsoup.parser$HtmlTreeBuilderState$3": 0.917239561556376,
    "org.jsoup.parser$HtmlTreeBuilderState$4": 0.8547673989297104,
    "org.jsoup.parser$HtmlTreeBuilderState$5": 0.0607456739230787,
    "org.jsoup.parser$HtmlTreeBuilderState$6": 0.8093093041696099,
    "org.jsoup.parser$HtmlTreeBuilderState$7": 0.4052241874153376,
    "org.jsoup.parser$HtmlTreeBuilderState$8": 0.40064523604562136,
    "org.jsoup.parser$HtmlTreeBuilderState$9": 0.09604734379941232,
    "org.jsoup.parser$HtmlTreeBuilderState$Constants": 0.91724175750382,
    "org.jsoup.parser$ParseError": 0.07439795259651642,
    "org.jsoup.parser$ParseErrorList": 0.1214913478461574,
    "org.jsoup.parser$ParseSettings": 0.964309569160501,
    "org.jsoup.parser$Parser": 0.18723074147560687,
    "org.jsoup.parser$Tag": 0.9871709192922752,
    "org.jsoup.parser$Token": 0.5118521465483947,
    "org.jsoup.parser$Token$CData": 0,
    "org.jsoup.parser$Token$Character": 0.04295367795875577,
    "org.jsoup.parser$Token$Comment": 0,
    "org.jsoup.parser$Token$Doctype": 0.2272894995488486,
    "org.jsoup.parser$Token$EOF": 0.970981167708355,
    "org.jsoup.parser$Token$EndTag": 0,
    "org.jsoup.parser$Token$StartTag": 0.04295367795875577,
    "org.jsoup.parser$Token$Tag": 0.731474777797229,
    "org.jsoup.parser$Token$TokenType": 0.9655566923920463,
    "org.jsoup.parser$TokenQueue": 0,
    "org.jsoup.parser$Tokeniser": 0.0,
    "org.jsoup.parser$TokeniserState": 0.07439795259651642,
    "org.jsoup.parser$TokeniserState$1": 0.970981167708355,
    "org.jsoup.parser$TokeniserState$10": 0.9537264261521536,
    "org.jsoup.parser$TokeniserState$11": 0.34093424932327293,
    "org.jsoup.parser$TokeniserState$12": 0.3354789493563711,
    "org.jsoup.parser$TokeniserState$13": 0.07439795259651642,
    "org.jsoup.parser$TokeniserState$14": 0.24675009393329228,
    "org.jsoup.parser$TokeniserState$15": 0.24675009393329228,
    "org.jsoup.parser$TokeniserState$16": 0.24675009393329228,
    "org.jsoup.parser$TokeniserState$17": 0.23131263488048065,
    "org.jsoup.parser$TokeniserState$18": 0.23131263488048065,
    "org.jsoup.parser$TokeniserState$19": 0.23131263488048065,
    "org.jsoup.parser$TokeniserState$2": 0.24675009393329228,
    "org.jsoup.parser$TokeniserState$20": 0.12886103387626732,
    "org.jsoup.parser$TokeniserState$21": 0.1136447497744243,
    "org.jsoup.parser$TokeniserState$22": 0.1136447497744243,
    "org.jsoup.parser$TokeniserState$23": 0.1136447497744243,
    "org.jsoup.parser$TokeniserState$24": 0.1136447497744243,
    "org.jsoup.parser$TokeniserState$25": 0.08590735591751154,
    "org.jsoup.parser$TokeniserState$26": 0.07439795259651642,
    "org.jsoup.parser$TokeniserState$27": 0.07439795259651642,
    "org.jsoup.parser$TokeniserState$28": 0.07439795259651642,
    "org.jsoup.parser$TokeniserState$29": 0.04295367795875577,
    "org.jsoup.parser$TokeniserState$3": 0.3436294236700462,
    "org.jsoup.parser$TokeniserState$30": 0,
    "org.jsoup.parser$TokeniserState$31": 0,
    "org.jsoup.parser$TokeniserState$32": 0.04295367795875577,
    "org.jsoup.parser$TokeniserState$33": 0.04295367795875577,
    "org.jsoup.parser$TokeniserState$34": 0.7501537357810552,
    "org.jsoup.parser$TokeniserState$35": 0.7390030184340335,
    "org.jsoup.parser$TokeniserState$36": 0.1718147118350231,
    "org.jsoup.parser$TokeniserState$37": 0.731474777797229,
    "org.jsoup.parser$TokeniserState$38": 0.36699638535477247,
    "org.jsoup.parser$TokeniserState$39": 0.44223518145841495,
    "org.jsoup.parser$TokeniserState$4": 0.04295367795875577,
    "org.jsoup.parser$TokeniserState$40": 0.5347689779508511,
    "org.jsoup.parser$TokeniserState$41": 0.5616922244268207,
    "org.jsoup.parser$TokeniserState$42": 0.37446148295121373,
    "org.jsoup.parser$TokeniserState$43": 0.1663588793926177,
    "org.jsoup.parser$TokeniserState$44": 0.37446148295121373,
    "org.jsoup.parser$TokeniserState$45": 0.29447557990208895,