{
    "org.jsoup$Connection$Method": 0.17560253931863665,
    "org.jsoup$Jsoup": 0.08864844143558726,
    "org.jsoup$UncheckedIOException": 0.0,
    "org.jsoup.helper$ChangeNotifyingArrayList": 0,
    "org.jsoup.helper$DataUtil": 0.2909408435168296,
    "org.jsoup.helper$DataUtil$BomCharset": 0.09911197057469107,
    "org.jsoup.helper$HttpConnection": 0.09911197057469107,
    "org.jsoup.helper$HttpConnection$Base": 0.16843203872761578,
    "org.jsoup.helper$HttpConnection$KeyVal": 0.07677180228911562,
    "org.jsoup.helper$HttpConnection$Request": 0.13297266215338088,
    "org.jsoup.helper$HttpConnection$Response": 0.08864844143558726,
    "org.jsoup.helper$StringUtil": 0.7170094527878381,
    "org.jsoup.helper$StringUtil$1": 0.7170094527878381,
    "org.jsoup.helper$Validate": 0.0,
    "org.jsoup.helper$W3CDom": 0,
    "org.jsoup.helper$W3CDom$W3CBuilder": 0.09911197057469107,
    "org.jsoup.internal$ConstrainableInputStream": 0.179549156569818,
    "org.jsoup.internal$Normalizer": 0.3964780982114867,
    "org.jsoup.nodes$Attribute": 0,
    "org.jsoup.nodes$Attributes": 0.04432422071779363,
    "org.jsoup.nodes$Attributes$1": 0.031341957040361135,
    "org.jsoup.nodes$Attributes$Dataset": 0.04432422071779363,
    "org.jsoup.nodes$Attributes$Dataset$DatasetIterator": 0.04432422071779363,
    "org.jsoup.nodes$Attributes$Dataset$EntrySet": 0.031341957040361135,
    "org.jsoup.nodes$BooleanAttribute": 0,
    "org.jsoup.nodes$CDataNode": 0.08864844143558726,
    "org.jsoup.nodes$Comment": 0.10857172400509313,
    "org.jsoup.nodes$DataNode": 0,
    "org.jsoup.nodes$Document": 0.962907154538678,
    "org.jsoup.nodes$Document$OutputSettings": 0.08864844143558726,
    "org.jsoup.nodes$Document$OutputSettings$Syntax": 0.963759366641031,
    "org.jsoup.nodes$Document$QuirksMode": 0.9753983130797791,
    "org.jsoup.nodes$DocumentType": 0.2350646778027085,
    "org.jsoup.nodes$Element": 0.12536782816144454,
    "org.jsoup.nodes$Element$1": 0.5500491137206855,
    "org.jsoup.nodes$Element$2": 0.06268391408072227,
    "org.jsoup.nodes$Element$NodeList": 0.9761378059090055,
    "org.jsoup.nodes$Entities": 0.963759366641031,
    "org.jsoup.nodes$Entities$1": 0.6607247718995091,
    "org.jsoup.nodes$Entities$CoreCharset": 0.10857172400509313,
    "org.jsoup.nodes$Entities$EscapeMode": 0,
    "org.jsoup.nodes$FormElement": 0.10051788435087324,
    "org.jsoup.nodes$LeafNode": 0.04432422071779363,
    "org.jsoup.nodes$Node": 0.13297266215338088,
    "org.jsoup.nodes$Node$1": 0.08864844143558726,
    "org.jsoup.nodes$Node$OuterHtmlVisitor": 0.6765798654570255,
    "org.jsoup.nodes$NodeUtils": 0.49381481245545555,
    "org.jsoup.nodes$PseudoTextElement": 0.06268391408072227,
    "org.jsoup.nodes$TextNode": 0.5428586200254657,
    "org.jsoup.nodes$XmlDeclaration": 0,
    "org.jsoup.parser$CharacterReader": 0.0,
    "org.jsoup.parser$HtmlTreeBuilder": 0,
    "org.jsoup.parser$HtmlTreeBuilderState": 0.2585579541871295,
    "org.jsoup.parser$HtmlTreeBuilderState$1": 0.2429001670627988,
    "org.jsoup.parser$HtmlTreeBuilderState$10": 0.23086508642450196,
    "org.jsoup.parser$HtmlTreeBuilderState$11": 0.09911197057469107,
    "org.jsoup.parser$HtmlTreeBuilderState$12": 0,
    "org.jsoup.parser$HtmlTreeBuilderState$13": 0.2350646778027085,
    "org.jsoup.parser$HtmlTreeBuilderState$14": 0,
    "org.jsoup.parser$HtmlTreeBuilderState$15": 0.12536782816144454,
    "org.jsoup.parser$HtmlTreeBuilderState$16": 0.04432422071779363,
    "org.jsoup.parser$HtmlTreeBuilderState$17": 0,
    "org.jsoup.parser$HtmlTreeBuilderState$18": 0.3508192400353617,
    "org.jsoup.parser$HtmlTreeBuilderState$19": 0.07677180228911562,
    "org.jsoup.parser$HtmlTreeBuilderState$2": 0.844922536321293,
    "org.jsoup.parser$HtmlTreeBuilderState$20": 0.07677180228911562,
    "org.jsoup.parser$HtmlTreeBuilderState$21": 0.31523417297927886,
    "org.jsoup.parser$HtmlTreeBuilderState$22": 0.07677180228911562,
    "org.jsoup.parser$HtmlTreeBuilderState$23": 0,
    "org.jsoup.parser$HtmlTreeBuilderState$24": 0.9482993701054653,
    "org.jsoup.parser$HtmlTreeBuilderState$3": 0.9112993202251397,
    "org.jsoup.parser$HtmlTreeBuilderState$4": 0.8553823845524918,
    "org.jsoup.parser$HtmlTreeBuilderState$5": 0.06268391408072227,
    "org.jsoup.parser$HtmlTreeBuilderState$6": 0.8140226244361669,
    "org.jsoup.parser$HtmlTreeBuilderState$7": 0.4181538619447775,
    "org.jsoup.parser$HtmlTreeBuilderState$8": 0.3991726420790945,
    "org.jsoup.parser$HtmlTreeBuilderState$9": 0.09911197057469107,
    "org.jsoup.parser$HtmlTreeBuilderState$Constants": 0.9165868373204799,
    "org.jsoup.parser$ParseError": 0.02559060076303854,
    "org.jsoup.parser$ParseErrorList": 0.07835489260090284,
    "org.jsoup.parser$ParseSettings": 0.9607072691552063,
    "org.jsoup.parser$Parser": 0.18303612523584087,
    "org.jsoup.parser$Tag": 0.9611321213173292,
    "org.jsoup.parser$Token": 0.5003879682381167,
    "org.jsoup.parser$Token$CData": 0,
    "org.jsoup.parser$Token$Character": 0.04432422071779363,
    "org.jsoup.parser$Token$Comment": 0,
    "org.jsoup.parser$Token$Doctype": 0.23454173015203755,
    "org.jsoup.parser$Token$EOF": 0.9638433795090218,
    "org.jsoup.parser$Token$EndTag": 0,
    "org.jsoup.parser$Token$StartTag": 0.04432422071779363,
    "org.jsoup.parser$Token$Tag": 0.7288799486146015,
    "org.jsoup.parser$Token$TokenType": 0.9525273633322107,
    "org.jsoup.parser$TokenQueue": 0,
    "org.jsoup.parser$Tokeniser": 0.0,
    "org.jsoup.parser$TokeniserState": 0.07677180228911562,
    "org.jsoup.parser$TokeniserState$1": 0.9638433795090218,
    "org.jsoup.parser$TokeniserState$10": 0.9533135896322107,
    "org.jsoup.parser$TokeniserState$11": 0.3350596145029108,
    "org.jsoup.parser$TokeniserState$12": 0.3291578257174727,
    "org.jsoup.parser$TokeniserState$13": 0.07677180228911562,
    "org.jsoup.parser$TokeniserState$14": 0.24690740622772778,
    "org.jsoup.parser$TokeniserState$15": 0.24690740622772778,
    "org.jsoup.parser$TokeniserState$16": 0.24690740622772778,
    "org.jsoup.parser$TokeniserState$17": 0.2386932335131243,
    "org.jsoup.parser$TokeniserState$18": 0.2386932335131243,
    "org.jsoup.parser$TokeniserState$19": 0.2386932335131243,
    "org.jsoup.parser$TokeniserState$2": 0.23147569333849477,
    "org.jsoup.parser$TokeniserState$20": 0.13297266215338088,
    "org.jsoup.parser$TokeniserState$21": 0.11727086507601878,
    "org.jsoup.parser$TokeniserState$22": 0.11727086507601878,
    "org.jsoup.parser$TokeniserState$23": 0.11727086507601878,
    "org.jsoup.parser$TokeniserState$24": 0.11727086507601878,
    "org.jsoup.parser$TokeniserState$25": 0.08864844143558726,
    "org.jsoup.parser$TokeniserState$26": 0.07677180228911562,
    "org.jsoup.parser$TokeniserState$27": 0.07677180228911562,
    "org.jsoup.parser$TokeniserState$28": 0.07677180228911562,
    "org.jsoup.parser$TokeniserState$29": 0.04432422071779363,
    "org.jsoup.parser$TokeniserState$3": 0.3379721829731764,
    "org.jsoup.parser$TokeniserState$30": 0,
    "org.jsoup.parser$TokeniserState$31": 0,
    "org.jsoup.parser$TokeniserState$32": 0.04432422071779363,
    "org.jsoup.parser$TokeniserState$33": 0.04432422071779363,
    "org.jsoup.parser$TokeniserState$34": 0.7487962006538165,
    "org.jsoup.parser$TokeniserState$35": 0.736910718613309,
    "org.jsoup.parser$TokeniserState$36": 0.1772968828711745,
    "org.jsoup.parser$TokeniserState$37": 0.7288799486146015,
    "org.jsoup.parser$TokeniserState$38": 0.3606810198322368,
    "org.jsoup.parser$TokeniserState$39": 0.4391251872205982,
    "org.jsoup.parser$TokeniserState$4": 0.04432422071779363,
    "org.jsoup.parser$TokeniserState$40": 0.5429630058777958,
    "org.jsoup.parser$TokeniserState$41": 0.5542691838267682,
    "org.jsoup.parser$TokeniserState$42": 0.34853374834455525,
    "org.jsoup.parser$TokeniserState$43": 0.16022250409539404,
    "org.jsoup.parser$TokeniserState$44": 0.3406505664111483,
    "org.jsoup.parser$TokeniserState$45": 0.28447549143867784,